date,close,open,high,low,volume,change,sequence,sq
2014年1月2日,"2,109.39","2,112.13","2,113.11","2,101.02",6.85B,-0.31%,489.00,1.00
2014年1月3日,"2,083.14","2,101.54","2,102.17","2,075.90",8.45B,-1.24%,488.00,2.00
2014年1月6日,"2,045.71","2,078.68","2,078.68","2,034.01",8.96B,-1.80%,487.00,3.00
2014年1月7日,"2,047.32","2,034.22","2,052.28","2,029.25",6.34B,0.08%,486.00,4.00
2014年1月8日,"2,044.34","2,047.26","2,062.95","2,037.11",7.16B,-0.15%,485.00,5.00
2014年1月9日,"2,027.62","2,041.77","2,057.20","2,026.45",7.59B,-0.82%,484.00,6.00
2014年1月10日,"2,013.30","2,023.54","2,029.30","2,008.01",7.56B,-0.71%,483.00,7.00
2014年1月13日,"2,009.56","2,014.98","2,027.18","2,000.40",6.65B,-0.19%,482.00,8.00
2014年1月14日,"2,026.84","2,007.16","2,027.43","2,001.14",7.04B,0.86%,481.00,9.00
2014年1月15日,"2,023.35","2,024.23","2,027.41","2,010.20",6.74B,-0.17%,480.00,10.00
2014年1月16日,"2,023.70","2,022.54","2,034.71","2,014.41",7.28B,0.02%,479.00,11.00
2014年1月17日,"2,004.95","2,017.52","2,017.87","2,001.33",6.73B,-0.93%,478.00,12.00
2014年1月20日,"1,991.25","2,001.89","2,005.94","1,984.82",5.63B,-0.68%,477.00,13.00
2014年1月21日,"2,008.31","1,992.02","2,014.15","1,992.02",5.98B,0.86%,476.00,14.00
2014年1月22日,"2,051.75","2,009.97","2,052.34","2,008.93",9.89B,2.16%,475.00,15.00
2014年1月23日,"2,042.18","2,048.33","2,052.53","2,039.05",8.42B,-0.47%,474.00,16.00
2014年1月24日,"2,054.39","2,037.67","2,060.99","2,034.45",9.29B,0.60%,473.00,17.00
2014年1月27日,"2,033.30","2,044.27","2,044.85","2,029.63",8.88B,-1.03%,472.00,18.00
2014年1月28日,"2,038.51","2,036.40","2,047.13","2,026.99",7.25B,0.26%,471.00,19.00
2014年1月29日,"2,049.91","2,042.18","2,051.58","2,039.77",7.39B,0.56%,470.00,20.00
2014年1月30日,"2,033.08","2,045.93","2,045.93","2,031.47",6.26B,-0.82%,469.00,21.00
2014年2月7日,"2,044.50","2,022.32","2,044.73","2,014.70",7.36B,0.56%,468.00,22.00
2014年2月10日,"2,086.07","2,049.98","2,087.97","2,049.98",12.43B,2.03%,467.00,23.00
2014年2月11日,"2,103.67","2,086.18","2,111.06","2,082.52",14.22B,0.84%,466.00,24.00
2014年2月12日,"2,109.96","2,103.83","2,110.90","2,096.51",12.63B,0.30%,465.00,25.00
2014年2月13日,"2,098.40","2,106.93","2,122.83","2,096.97",14.65B,-0.55%,464.00,26.00
2014年2月14日,"2,115.85","2,097.32","2,116.19","2,095.09",11.15B,0.83%,463.00,27.00
2014年2月17日,"2,135.41","2,124.88","2,136.45","2,117.69",14.02B,0.92%,462.00,28.00
2014年2月18日,"2,119.07","2,134.14","2,134.14","2,113.13",14.29B,-0.77%,461.00,29.00
2014年2月19日,"2,142.55","2,116.92","2,152.96","2,111.17",15.13B,1.11%,460.00,30.00
2014年2月20日,"2,138.78","2,152.89","2,177.98","2,136.48",15.71B,-0.18%,459.00,31.00
2014年2月21日,"2,113.69","2,131.59","2,132.70","2,098.33",11.77B,-1.17%,458.00,32.00
2014年2月24日,"2,076.69","2,099.72","2,099.72","2,058.79",12.36B,-1.75%,457.00,33.00
2014年2月25日,"2,034.22","2,077.28","2,087.62","2,026.54",14.01B,-2.05%,456.00,34.00
2014年2月26日,"2,041.25","2,026.61","2,041.63","2,014.38",11.01B,0.35%,455.00,35.00
2014年2月27日,"2,047.35","2,045.10","2,068.31","2,036.39",13.22B,0.30%,454.00,36.00
2014年2月28日,"2,056.30","2,040.62","2,058.49","2,020.93",11.16B,0.44%,453.00,37.00
2014年3月3日,"2,075.23","2,052.08","2,078.33","2,047.07",12.75B,0.92%,452.00,38.00
2014年3月4日,"2,071.47","2,068.11","2,074.03","2,050.12",11.59B,-0.18%,451.00,39.00
2014年3月5日,"2,053.08","2,073.29","2,074.81","2,050.18",10.77B,-0.89%,450.00,40.00
2014年3月6日,"2,059.58","2,050.03","2,065.79","2,030.95",10.93B,0.32%,449.00,41.00
2014年3月7日,"2,057.91","2,058.38","2,079.49","2,050.47",10.37B,-0.08%,448.00,42.00
2014年3月10日,"1,999.06","2,042.35","2,042.63","1,995.55",11.57B,-2.86%,447.00,43.00
2014年3月11日,"2,001.16","1,994.42","2,008.07","1,985.60",9.27B,0.11%,446.00,44.00
2014年3月12日,"1,997.69","1,996.24","2,011.06","1,974.38",10.14B,-0.17%,445.00,45.00
2014年3月13日,"2,019.11","2,000.69","2,029.12","1,996.53",10.10B,1.07%,444.00,46.00
2014年3月14日,"2,004.34","2,008.82","2,017.91","1,990.98",8.78B,-0.73%,443.00,47.00
2014年3月17日,"2,023.67","2,009.88","2,024.37","1,999.25",8.63B,0.96%,442.00,48.00
2014年3月18日,"2,025.20","2,026.22","2,034.92","2,020.41",9.68B,0.08%,441.00,49.00
2014年3月19日,"2,021.73","2,019.98","2,022.18","2,002.44",9.52B,-0.17%,440.00,50.00
2014年3月20日,"1,993.48","2,017.22","2,030.85","1,993.00",11.03B,-1.40%,439.00,51.00
2014年3月21日,"2,047.62","1,987.68","2,052.47","1,986.07",14.45B,2.72%,438.00,52.00
2014年3月24日,"2,066.28","2,050.83","2,074.06","2,043.33",14.77B,0.91%,437.00,53.00
2014年3月25日,"2,067.31","2,063.32","2,079.55","2,057.49",13.18B,0.05%,436.00,54.00
2014年3月26日,"2,063.67","2,070.57","2,074.57","2,057.65",10.26B,-0.18%,435.00,55.00
2014年3月27日,"2,046.59","2,060.81","2,073.98","2,042.71",11.91B,-0.83%,434.00,56.00
2014年3月28日,"2,041.71","2,046.85","2,060.13","2,035.24",12.17B,-0.24%,433.00,57.00
2014年3月31日,"2,033.31","2,043.05","2,048.13","2,024.19",9.44B,-0.41%,432.00,58.00
2014年4月1日,"2,047.46","2,031.00","2,050.68","2,028.10",8.33B,0.70%,431.00,59.00
2014年4月2日,"2,058.99","2,049.42","2,060.78","2,046.74",10.27B,0.56%,430.00,60.00
2014年4月3日,"2,043.70","2,063.50","2,066.01","2,037.45",10.86B,-0.74%,429.00,61.00
2014年4月4日,"2,058.83","2,037.55","2,060.10","2,035.22",8.32B,0.74%,428.00,62.00
2014年4月8日,"2,098.28","2,054.53","2,102.45","2,052.90",13.34B,1.92%,427.00,63.00
2014年4月9日,"2,105.24","2,100.65","2,108.75","2,095.64",10.53B,0.33%,426.00,64.00
2014年4月10日,"2,134.30","2,105.88","2,146.67","2,098.08",15.68B,1.38%,425.00,65.00
2014年4月11日,"2,130.54","2,130.37","2,138.65","2,120.18",13.18B,-0.18%,424.00,66.00
2014年4月14日,"2,131.54","2,127.41","2,134.43","2,116.61",10.21B,0.05%,423.00,67.00
2014年4月15日,"2,101.60","2,125.90","2,125.90","2,098.15",10.75B,-1.40%,422.00,68.00
2014年4月16日,"2,105.12","2,097.21","2,112.05","2,092.16",8.94B,0.17%,421.00,69.00
2014年4月17日,"2,098.88","2,108.95","2,110.72","2,095.71",8.99B,-0.30%,420.00,70.00
2014年4月18日,"2,097.75","2,091.48","2,099.64","2,081.18",8.82B,-0.05%,419.00,71.00
2014年4月21日,"2,065.83","2,085.98","2,103.08","2,065.23",9.64B,-1.52%,418.00,72.00
2014年4月22日,"2,072.83","2,062.79","2,073.66","2,047.33",9.87B,0.34%,417.00,73.00
2014年4月23日,"2,067.38","2,068.08","2,076.35","2,059.11",7.85B,-0.26%,416.00,74.00
2014年4月24日,"2,057.03","2,064.16","2,075.76","2,056.19",7.82B,-0.50%,415.00,75.00
2014年4月25日,"2,036.52","2,060.54","2,065.64","2,035.57",9.30B,-1.00%,414.00,76.00
2014年4月28日,"2,003.49","2,033.34","2,035.99","2,000.14",8.98B,-1.62%,413.00,77.00
2014年4月29日,"2,020.34","2,001.90","2,021.68","1,997.64",7.62B,0.84%,412.00,78.00
2014年4月30日,"2,026.36","2,020.44","2,029.54","2,016.58",7.45B,0.30%,411.00,79.00
2014年5月5日,"2,027.35","2,022.18","2,028.96","2,007.35",7.99B,0.05%,410.00,80.00
2014年5月6日,"2,028.04","2,024.26","2,038.70","2,021.49",7.46B,0.03%,409.00,81.00
2014年5月7日,"2,010.08","2,023.15","2,024.63","2,008.45",7.44B,-0.89%,408.00,82.00
2014年5月8日,"2,015.27","2,006.85","2,036.94","2,005.69",7.79B,0.26%,407.00,83.00
2014年5月9日,"2,011.13","2,016.50","2,020.45","2,001.30",7.62B,-0.21%,406.00,84.00
2014年5月12日,"2,052.87","2,022.93","2,055.51","2,016.64",11.57B,2.08%,405.00,85.00
2014年5月13日,"2,050.73","2,055.08","2,061.06","2,043.55",9.72B,-0.10%,404.00,86.00
2014年5月14日,"2,047.91","2,049.27","2,056.57","2,042.74",7.20B,-0.14%,403.00,87.00
2014年5月15日,"2,024.97","2,044.38","2,047.32","2,022.86",7.58B,-1.12%,402.00,88.00
2014年5月16日,"2,026.50","2,023.60","2,027.76","2,012.69",6.64B,0.08%,401.00,89.00
2014年5月19日,"2,005.18","2,023.01","2,023.27","1,996.01",6.53B,-1.05%,400.00,90.00
2014年5月20日,"2,008.12","2,011.85","2,018.16","2,002.76",6.13B,0.15%,399.00,91.00
2014年5月21日,"2,024.95","2,001.31","2,025.19","1,991.06",6.18B,0.84%,398.00,92.00
2014年5月22日,"2,021.29","2,023.15","2,041.96","2,018.88",7.47B,-0.18%,397.00,93.00
2014年5月23日,"2,034.57","2,020.11","2,034.57","2,017.74",6.35B,0.66%,396.00,94.00
2014年5月26日,"2,041.48","2,042.03","2,045.38","2,035.09",7.03B,0.34%,395.00,95.00
2014年5月27日,"2,034.57","2,039.79","2,044.15","2,032.84",6.76B,-0.34%,394.00,96.00
2014年5月28日,"2,050.23","2,034.56","2,052.66","2,029.34",8.13B,0.77%,393.00,97.00
2014年5月29日,"2,040.60","2,051.84","2,057.08","2,039.24",8.12B,-0.47%,392.00,98.00
2014年5月30日,"2,039.21","2,040.39","2,046.96","2,031.37",7.51B,-0.07%,391.00,99.00
2014年6月3日,"2,038.31","2,039.20","2,049.58","2,037.30",7.16B,-0.04%,390.00,100.00
2014年6月4日,"2,024.83","2,037.99","2,038.48","2,012.91",7.24B,-0.66%,389.00,101.00
2014年6月5日,"2,040.88","2,019.44","2,041.70","2,016.17",6.79B,0.79%,388.00,102.00
2014年6月6日,"2,029.96","2,040.86","2,041.57","2,022.16",6.60B,-0.54%,387.00,103.00
2014年6月9日,"2,030.50","2,024.94","2,045.26","2,023.20",6.48B,0.03%,386.00,104.00
2014年6月10日,"2,052.53","2,033.21","2,052.77","2,026.39",7.96B,1.08%,385.00,105.00
2014年6月11日,"2,054.95","2,049.13","2,056.63","2,045.41",7.44B,0.12%,384.00,106.00
2014年6月12日,"2,051.71","2,051.58","2,057.10","2,045.96",8.17B,-0.16%,383.00,107.00
2014年6月13日,"2,070.71","2,049.21","2,073.60","2,048.62",9.72B,0.93%,382.00,108.00
2014年6月16日,"2,085.98","2,070.70","2,087.32","2,069.44",9.59B,0.74%,381.00,109.00
2014年6月17日,"2,066.70","2,080.48","2,080.48","2,064.67",8.78B,-0.92%,380.00,110.00
2014年6月18日,"2,055.52","2,064.38","2,066.91","2,051.75",8.72B,-0.54%,379.00,111.00
2014年6月19日,"2,023.73","2,054.62","2,059.25","2,017.65",9.29B,-1.55%,378.00,112.00
2014年6月20日,"2,026.67","2,013.41","2,027.15","2,010.53",6.72B,0.15%,377.00,113.00
2014年6月23日,"2,024.37","2,026.23","2,033.32","2,022.92",7.05B,-0.11%,376.00,114.00
2014年6月24日,"2,033.93","2,023.70","2,034.71","2,021.75",7.12B,0.47%,375.00,115.00
2014年6月25日,"2,025.50","2,030.43","2,030.62","2,018.36",6.75B,-0.41%,374.00,116.00
2014年6月26日,"2,038.68","2,025.66","2,040.75","2,025.31",8.10B,0.65%,373.00,117.00
2014年6月27日,"2,036.51","2,031.91","2,043.98","2,025.07",9.76B,-0.11%,372.00,118.00
2014年6月30日,"2,048.33","2,038.61","2,052.34","2,038.53",9.67B,0.58%,371.00,119.00
2014年7月1日,"2,050.38","2,051.22","2,052.63","2,041.94",9.85B,0.10%,370.00,120.00
2014年7月2日,"2,059.42","2,049.48","2,060.60","2,044.04",10.96B,0.44%,369.00,121.00
2014年7月3日,"2,063.23","2,051.63","2,066.64","2,048.08",12.29B,0.19%,368.00,122.00
2014年7月4日,"2,059.37","2,062.36","2,065.08","2,054.22",10.50B,-0.19%,367.00,123.00
2014年7月7日,"2,059.93","2,058.13","2,064.04","2,050.89",9.72B,0.03%,366.00,124.00
2014年7月8日,"2,064.02","2,058.13","2,064.43","2,047.20",9.51B,0.20%,365.00,125.00
2014年7月9日,"2,038.61","2,061.63","2,062.47","2,037.60",11.33B,-1.23%,364.00,126.00
2014年7月10日,"2,038.34","2,036.54","2,045.53","2,034.96",9.79B,-0.01%,363.00,127.00
2014年7月11日,"2,046.96","2,033.87","2,051.74","2,033.00",10.51B,0.42%,362.00,128.00
2014年7月14日,"2,066.65","2,047.74","2,067.34","2,044.90",11.51B,0.96%,361.00,129.00
2014年7月15日,"2,070.36","2,065.90","2,070.36","2,059.68",12.45B,0.18%,360.00,130.00
2014年7月16日,"2,067.28","2,068.34","2,075.49","2,061.57",13.71B,-0.15%,359.00,131.00
2014年7月17日,"2,055.59","2,062.89","2,062.89","2,046.19",10.45B,-0.57%,358.00,132.00
2014年7月18日,"2,059.07","2,047.50","2,067.23","2,046.00",10.66B,0.17%,357.00,133.00
2014年7月21日,"2,054.48","2,057.77","2,061.82","2,049.18",9.39B,-0.22%,356.00,134.00
2014年7月22日,"2,075.48","2,050.50","2,078.09","2,049.81",12.32B,1.02%,355.00,135.00
2014年7月23日,"2,078.49","2,074.20","2,088.19","2,072.23",13.73B,0.15%,354.00,136.00
2014年7月24日,"2,105.06","2,079.63","2,107.95","2,079.63",16.57B,1.28%,353.00,137.00
2014年7月25日,"2,126.61","2,108.71","2,127.22","2,106.71",14.25B,1.02%,352.00,138.00
2014年7月28日,"2,177.95","2,135.25","2,181.50","2,135.25",23.62B,2.41%,351.00,139.00
2014年7月29日,"2,183.19","2,179.83","2,193.52","2,172.10",20.03B,0.24%,350.00,140.00
2014年7月30日,"2,181.24","2,178.18","2,194.57","2,177.24",18.49B,-0.09%,349.00,141.00
2014年7月31日,"2,201.56","2,179.54","2,202.13","2,173.90",16.47B,0.93%,348.00,142.00
2014年8月1日,"2,185.30","2,194.17","2,218.79","2,184.64",19.15B,-0.74%,347.00,143.00
2014年8月4日,"2,223.33","2,190.04","2,224.07","2,186.92",17.41B,1.74%,346.00,144.00
2014年8月5日,"2,219.95","2,224.63","2,226.84","2,206.85",17.54B,-0.15%,345.00,145.00
2014年8月6日,"2,217.46","2,212.00","2,223.89","2,192.99",17.77B,-0.11%,344.00,146.00
2014年8月7日,"2,187.67","2,216.66","2,220.57","2,185.76",17.52B,-1.34%,343.00,147.00
2014年8月8日,"2,194.42","2,188.71","2,199.58","2,180.60",13.52B,0.31%,342.00,148.00
2014年8月11日,"2,224.65","2,199.43","2,225.96","2,198.31",15.06B,1.38%,341.00,149.00
2014年8月12日,"2,221.59","2,222.70","2,222.98","2,210.00",15.48B,-0.14%,340.00,150.00
2014年8月13日,"2,222.88","2,223.05","2,230.99","2,202.44",17.81B,0.06%,339.00,151.00
2014年8月14日,"2,206.47","2,221.54","2,230.89","2,204.38",17.01B,-0.74%,338.00,152.00
2014年8月15日,"2,226.73","2,207.23","2,230.87","2,203.24",15.00B,0.92%,337.00,153.00
2014年8月18日,"2,239.47","2,229.80","2,242.04","2,228.13",16.39B,0.57%,336.00,154.00
2014年8月19日,"2,245.33","2,242.34","2,246.02","2,227.92",17.77B,0.26%,335.00,155.00
2014年8月20日,"2,240.21","2,241.66","2,248.94","2,233.89",16.77B,-0.23%,334.00,156.00
2014年8月21日,"2,230.46","2,239.57","2,240.08","2,211.63",16.57B,-0.44%,333.00,157.00
2014年8月22日,"2,240.81","2,228.97","2,243.30","2,225.27",16.01B,0.46%,332.00,158.00
2014年8月25日,"2,229.27","2,241.10","2,241.55","2,222.01",16.21B,-0.51%,331.00,159.00
2014年8月26日,"2,207.11","2,225.29","2,232.78","2,200.62",16.35B,-0.99%,330.00,160.00
2014年8月27日,"2,209.47","2,207.03","2,216.67","2,204.05",12.09B,0.11%,329.00,161.00
2014年8月28日,"2,195.82","2,210.48","2,219.47","2,194.86",12.42B,-0.62%,328.00,162.00
2014年8月29日,"2,217.20","2,198.95","2,218.70","2,193.26",10.52B,0.97%,327.00,163.00
2014年9月1日,"2,235.51","2,220.13","2,236.29","2,217.68",12.92B,0.83%,326.00,164.00
2014年9月2日,"2,266.05","2,239.68","2,267.51","2,234.38",19.21B,1.37%,325.00,165.00
2014年9月3日,"2,288.63","2,268.39","2,290.55","2,268.10",21.25B,1.00%,324.00,166.00
2014年9月4日,"2,306.86","2,290.03","2,307.70","2,283.28",19.95B,0.80%,323.00,167.00
2014年9月5日,"2,326.43","2,311.30","2,327.56","2,307.45",21.32B,0.85%,322.00,168.00
2014年9月9日,"2,326.53","2,328.43","2,331.92","2,315.89",19.70B,0.00%,321.00,169.00
2014年9月10日,"2,318.31","2,318.50","2,321.91","2,306.42",18.98B,-0.35%,320.00,170.00
2014年9月11日,"2,311.68","2,315.73","2,343.59","2,304.60",22.22B,-0.29%,319.00,171.00
2014年9月12日,"2,331.95","2,308.35","2,331.95","2,302.77",19.35B,0.88%,318.00,172.00
2014年9月15日,"2,339.14","2,330.19","2,340.45","2,321.59",21.51B,0.31%,317.00,173.00
2014年9月16日,"2,296.56","2,341.03","2,347.93","2,293.87",30.27B,-1.82%,316.00,174.00
2014年9月17日,"2,307.89","2,298.98","2,309.05","2,282.79",21.08B,0.49%,315.00,175.00
2014年9月18日,"2,315.93","2,303.85","2,319.87","2,297.93",18.91B,0.35%,314.00,176.00
2014年9月19日,"2,329.45","2,312.98","2,331.56","2,305.52",17.46B,0.58%,313.00,177.00
2014年9月22日,"2,289.87","2,323.55","2,323.55","2,284.38",17.58B,-1.70%,312.00,178.00
2014年9月23日,"2,309.72","2,289.09","2,311.53","2,289.02",15.69B,0.87%,311.00,179.00
2014年9月24日,"2,343.57","2,302.23","2,345.75","2,297.88",22.25B,1.47%,310.00,180.00
2014年9月25日,"2,345.10","2,352.86","2,365.15","2,336.81",22.57B,0.07%,309.00,181.00
2014年9月26日,"2,347.72","2,339.29","2,350.11","2,329.96",17.47B,0.11%,308.00,182.00
2014年9月29日,"2,357.71","2,353.71","2,363.06","2,346.58",20.01B,0.43%,307.00,183.00
2014年9月30日,"2,363.87","2,361.32","2,365.49","2,354.27",19.39B,0.26%,306.00,184.00
2014年10月8日,"2,382.79","2,368.58","2,382.79","2,354.29",20.44B,0.80%,305.00,185.00
2014年10月9日,"2,389.37","2,383.86","2,391.35","2,367.11",23.59B,0.28%,304.00,186.00
2014年10月10日,"2,374.54","2,380.76","2,386.28","2,365.07",22.47B,-0.62%,303.00,187.00
2014年10月13日,"2,366.01","2,366.43","2,366.86","2,341.12",20.09B,-0.36%,302.00,188.00
2014年10月14日,"2,359.47","2,362.80","2,380.52","2,349.19",19.68B,-0.28%,301.00,189.00
2014年10月15日,"2,373.67","2,358.23","2,374.81","2,344.37",20.28B,0.60%,300.00,190.00
2014年10月16日,"2,356.50","2,361.13","2,389.67","2,353.41",24.82B,-0.72%,299.00,191.00
2014年10月17日,"2,341.18","2,352.78","2,360.60","2,312.83",21.23B,-0.65%,298.00,192.00
2014年10月20日,"2,356.73","2,346.05","2,357.51","2,340.46",16.00B,0.66%,297.00,193.00
2014年10月21日,"2,339.66","2,355.03","2,361.65","2,337.55",16.88B,-0.72%,296.00,194.00
2014年10月22日,"2,326.55","2,339.22","2,352.12","2,324.59",15.27B,-0.56%,295.00,195.00
2014年10月23日,"2,302.42","2,322.32","2,329.93","2,297.33",16.26B,-1.04%,294.00,196.00
2014年10月24日,"2,302.28","2,303.08","2,314.87","2,296.66",13.22B,-0.01%,293.00,197.00
2014年10月27日,"2,290.44","2,293.57","2,293.64","2,279.84",13.03B,-0.51%,292.00,198.00
2014年10月28日,"2,337.87","2,294.01","2,338.28","2,294.01",17.86B,2.07%,291.00,199.00
2014年10月29日,"2,373.03","2,343.72","2,381.64","2,339.71",26.56B,1.50%,290.00,200.00
2014年10月30日,"2,391.08","2,371.89","2,397.26","2,365.92",29.46B,0.76%,289.00,201.00
2014年10月31日,"2,420.18","2,393.18","2,423.60","2,384.48",32.58B,1.22%,288.00,202.00
2014年11月3日,"2,430.03","2,425.22","2,436.79","2,418.17",29.88B,0.41%,287.00,203.00
2014年11月4日,"2,430.68","2,428.27","2,435.22","2,417.22",30.90B,0.03%,286.00,204.00
2014年11月5日,"2,419.25","2,432.17","2,434.36","2,415.50",26.36B,-0.47%,285.00,205.00
2014年11月6日,"2,425.86","2,419.62","2,426.89","2,401.75",22.20B,0.27%,284.00,206.00
2014年11月7日,"2,418.17","2,427.90","2,454.42","2,407.44",29.12B,-0.32%,283.00,207.00
2014年11月10日,"2,473.67","2,436.63","2,474.16","2,428.19",30.06B,2.30%,282.00,208.00
2014年11月11日,"2,469.67","2,483.65","2,508.62","2,445.96",41.19B,-0.16%,281.00,209.00
2014年11月12日,"2,494.48","2,454.60","2,494.92","2,444.81",25.29B,1.00%,280.00,210.00
2014年11月13日,"2,485.61","2,495.00","2,507.74","2,471.41",29.50B,-0.36%,279.00,211.00
2014年11月14日,"2,478.82","2,477.97","2,481.02","2,457.05",22.06B,-0.27%,278.00,212.00
2014年11月17日,"2,474.01","2,506.86","2,508.77","2,472.45",21.57B,-0.19%,277.00,213.00
2014年11月18日,"2,456.37","2,474.18","2,477.05","2,449.81",20.11B,-0.71%,276.00,214.00
2014年11月19日,"2,450.99","2,452.15","2,461.49","2,442.71",18.62B,-0.22%,275.00,215.00
2014年11月20日,"2,452.66","2,443.28","2,458.32","2,437.48",16.55B,0.07%,274.00,216.00
2014年11月21日,"2,486.79","2,452.63","2,488.20","2,446.65",21.22B,1.39%,273.00,217.00
2014年11月24日,"2,532.88","2,505.53","2,546.75","2,495.52",36.35B,1.85%,272.00,218.00
2014年11月25日,"2,567.60","2,532.00","2,568.38","2,527.08",31.43B,1.37%,271.00,219.00
2014年11月26日,"2,604.35","2,572.65","2,605.07","2,570.40",33.71B,1.43%,270.00,220.00
2014年11月27日,"2,630.49","2,615.37","2,631.40","2,599.11",36.41B,1.00%,269.00,221.00
2014年11月28日,"2,682.83","2,629.63","2,683.18","2,622.06",46.59B,1.99%,268.00,222.00
2014年12月1日,"2,680.16","2,691.72","2,720.74","2,668.84",44.68B,-0.10%,267.00,223.00
2014年12月2日,"2,763.54","2,667.82","2,777.37","2,665.69",43.77B,3.11%,266.00,224.00
2014年12月3日,"2,779.53","2,768.68","2,824.18","2,733.87",56.21B,0.58%,265.00,225.00
2014年12月4日,"2,899.46","2,783.47","2,900.51","2,772.43",53.27B,4.31%,264.00,226.00
2014年12月5日,"2,937.65","2,926.57","2,978.03","2,813.05",64.05B,1.32%,263.00,227.00
2014年12月8日,"3,020.26","2,907.82","3,041.66","2,879.85",58.76B,2.81%,262.00,228.00
2014年12月9日,"2,856.27","2,992.49","3,091.32","2,834.59",77.20B,-5.43%,261.00,229.00
2014年12月10日,"2,940.01","2,855.94","2,946.71","2,807.68",51.29B,2.93%,260.00,230.00
2014年12月11日,"2,925.74","2,912.35","2,965.67","2,892.61",48.26B,-0.49%,259.00,231.00
2014年12月12日,"2,938.17","2,929.36","2,962.51","2,914.96",40.95B,0.42%,258.00,232.00
2014年12月15日,"2,953.42","2,921.45","2,960.23","2,890.90",40.04B,0.52%,257.00,233.00
2014年12月16日,"3,021.52","2,953.81","3,021.90","2,943.91",45.38B,2.31%,256.00,234.00
2014年12月17日,"3,061.02","3,031.95","3,076.60","2,993.33",54.25B,1.31%,255.00,235.00
2014年12月18日,"3,057.52","3,062.80","3,089.79","3,030.32",43.59B,-0.11%,254.00,236.00
2014年12月19日,"3,108.60","3,053.07","3,117.53","3,018.42",52.11B,1.67%,253.00,237.00
2014年12月22日,"3,127.44","3,129.27","3,189.87","3,090.51",67.94B,0.61%,252.00,238.00
2014年12月23日,"3,032.61","3,085.08","3,136.84","3,025.67",43.78B,-3.03%,251.00,239.00
2014年12月24日,"2,972.53","3,039.21","3,050.51","2,934.91",37.68B,-1.98%,250.00,240.00
2014年12月25日,"3,072.54","2,992.46","3,073.35","2,969.87",37.69B,3.36%,249.00,241.00
2014年12月26日,"3,157.60","3,078.01","3,164.16","3,064.18",46.07B,2.77%,248.00,242.00
2014年12月29日,"3,168.02","3,212.56","3,223.86","3,126.94",51.01B,0.33%,247.00,243.00
2014年12月30日,"3,165.81","3,160.80","3,190.30","3,130.35",39.77B,-0.07%,246.00,244.00
2014年12月31日,"3,234.68","3,172.60","3,239.36","3,157.26",40.60B,2.18%,245.00,245.00
2015年1月5日,"3,350.52","3,258.63","3,369.28","3,253.88",53.14B,3.58%,244.00,246.00
2015年1月6日,"3,351.45","3,330.80","3,394.22","3,303.18",50.17B,0.03%,243.00,247.00
2015年1月7日,"3,373.95","3,326.65","3,374.90","3,312.21",39.19B,0.67%,242.00,248.00
2015年1月8日,"3,293.46","3,371.96","3,381.57","3,285.10",37.11B,-2.39%,241.00,249.00
2015年1月9日,"3,285.41","3,276.97","3,404.83","3,267.51",41.02B,-0.24%,240.00,250.00
2015年1月12日,"3,229.32","3,258.21","3,275.19","3,191.58",32.21B,-1.71%,239.00,251.00
2015年1月13日,"3,235.30","3,223.54","3,259.39","3,214.41",23.07B,0.19%,238.00,252.00
2015年1月14日,"3,222.44","3,242.34","3,268.48","3,193.98",24.02B,-0.40%,237.00,253.00
2015年1月15日,"3,336.45","3,224.07","3,337.08","3,207.55",28.25B,3.54%,236.00,254.00
2015年1月16日,"3,376.49","3,343.60","3,400.32","3,340.49",33.99B,1.20%,235.00,255.00
2015年1月19日,"3,116.35","3,189.73","3,262.21","3,095.07",40.11B,-7.70%,234.00,256.00
2015年1月20日,"3,173.05","3,114.56","3,190.25","3,100.48",35.71B,1.82%,233.00,257.00
2015年1月21日,"3,323.61","3,189.09","3,337.00","3,178.34",41.10B,4.74%,232.00,258.00
2015年1月22日,"3,343.34","3,327.32","3,352.38","3,293.98",35.34B,0.59%,231.00,259.00
2015年1月23日,"3,351.76","3,357.10","3,406.79","3,328.29",36.62B,0.25%,230.00,260.00
2015年1月26日,"3,383.18","3,347.26","3,384.80","3,321.31",31.75B,0.94%,229.00,261.00
2015年1月27日,"3,352.96","3,389.85","3,390.22","3,290.22",37.45B,-0.89%,228.00,262.00
2015年1月28日,"3,305.74","3,325.72","3,354.80","3,294.65",30.19B,-1.41%,227.00,263.00
2015年1月29日,"3,262.30","3,259.00","3,286.79","3,234.24",27.47B,-1.31%,226.00,264.00
2015年1月30日,"3,210.36","3,273.75","3,288.50","3,210.31",25.83B,-1.59%,225.00,265.00
2015年2月2日,"3,128.30","3,148.14","3,175.13","3,122.57",25.09B,-2.56%,224.00,266.00
2015年2月3日,"3,204.91","3,156.09","3,207.94","3,129.73",24.82B,2.45%,223.00,267.00
2015年2月4日,"3,174.13","3,212.82","3,238.98","3,171.14",24.91B,-0.96%,222.00,268.00
2015年2月5日,"3,136.53","3,251.21","3,251.21","3,135.82",30.61B,-1.18%,221.00,269.00
2015年2月6日,"3,075.91","3,120.09","3,129.54","3,052.94",24.68B,-1.93%,220.00,270.00
2015年2月9日,"3,095.12","3,063.51","3,119.03","3,049.11",20.61B,0.62%,219.00,271.00
2015年2月10日,"3,141.59","3,090.49","3,142.10","3,084.25",19.38B,1.50%,218.00,272.00
2015年2月11日,"3,157.70","3,145.77","3,166.42","3,139.05",17.28B,0.51%,217.00,273.00
2015年2月12日,"3,173.42","3,157.96","3,181.77","3,134.24",19.46B,0.50%,216.00,274.00
2015年2月13日,"3,203.83","3,186.81","3,237.16","3,182.79",26.13B,0.96%,215.00,275.00
2015年2月16日,"3,222.36","3,206.14","3,228.85","3,195.88",22.38B,0.58%,214.00,276.00
2015年2月17日,"3,246.91","3,230.88","3,255.73","3,230.77",22.83B,0.76%,213.00,277.00
2015年2月25日,"3,228.84","3,256.48","3,257.22","3,215.55",23.33B,-0.56%,212.00,278.00
2015年2月26日,"3,298.36","3,222.15","3,300.62","3,202.19",30.13B,2.15%,211.00,279.00
2015年2月27日,"3,310.30","3,296.83","3,324.55","3,291.01",29.92B,0.36%,210.00,280.00
2015年3月2日,"3,336.28","3,332.72","3,336.76","3,298.67",34.64B,0.78%,209.00,281.00
2015年3月3日,"3,263.05","3,317.69","3,317.69","3,260.43",38.20B,-2.19%,208.00,282.00
2015年3月4日,"3,279.53","3,264.18","3,286.59","3,250.48",29.36B,0.51%,207.00,283.00
2015年3月5日,"3,248.48","3,264.08","3,266.64","3,221.67",32.07B,-0.95%,206.00,284.00
2015年3月6日,"3,241.19","3,248.04","3,266.93","3,234.53",28.29B,-0.22%,205.00,285.00
2015年3月9日,"3,302.41","3,224.31","3,307.70","3,198.37",32.15B,1.89%,204.00,286.00
2015年3月10日,"3,286.07","3,289.08","3,309.92","3,277.09",28.58B,-0.49%,203.00,287.00
2015年3月11日,"3,290.90","3,289.59","3,325.05","3,278.47",28.30B,0.15%,202.00,288.00
2015年3月12日,"3,349.32","3,314.81","3,360.05","3,300.49",35.73B,1.78%,201.00,289.00
2015年3月13日,"3,372.91","3,359.49","3,391.26","3,352.15",32.84B,0.70%,200.00,290.00
2015年3月16日,"3,449.30","3,391.16","3,449.30","3,377.09",39.91B,2.26%,199.00,291.00
2015年3月17日,"3,502.85","3,469.60","3,504.12","3,459.69",52.09B,1.55%,198.00,292.00
2015年3月18日,"3,577.30","3,510.50","3,577.66","3,503.85",54.52B,2.13%,197.00,293.00
2015年3月19日,"3,582.27","3,576.02","3,600.68","3,546.84",53.73B,0.14%,196.00,294.00
2015年3月20日,"3,617.32","3,587.08","3,632.34","3,569.38",51.67B,0.98%,195.00,295.00
2015年3月23日,"3,687.73","3,640.10","3,688.25","3,635.48",53.61B,1.95%,194.00,296.00
2015年3月24日,"3,691.41","3,692.57","3,715.87","3,600.70",63.96B,0.10%,193.00,297.00
2015年3月25日,"3,660.73","3,680.95","3,693.15","3,634.56",52.19B,-0.83%,192.00,298.00
2015年3月26日,"3,682.10","3,641.94","3,707.32","3,615.01",48.86B,0.58%,191.00,299.00
2015年3月27日,"3,691.10","3,686.13","3,710.48","3,656.83",40.89B,0.24%,190.00,300.00
2015年3月30日,"3,786.57","3,710.61","3,795.93","3,710.61",56.47B,2.59%,189.00,301.00
2015年3月31日,"3,747.90","3,822.99","3,835.57","3,737.04",56.17B,-1.02%,188.00,302.00
2015年4月1日,"3,810.29","3,748.34","3,817.08","3,742.21",44.75B,1.66%,187.00,303.00
2015年4月2日,"3,825.78","3,827.69","3,835.45","3,775.89",47.93B,0.41%,186.00,304.00
2015年4月3日,"3,863.93","3,803.38","3,864.40","3,792.21",47.30B,1.00%,185.00,305.00
2015年4月7日,"3,961.38","3,899.42","3,961.67","3,891.73",57.04B,2.52%,184.00,306.00
2015年4月8日,"3,994.81","3,976.53","4,000.22","3,903.65",61.81B,0.84%,183.00,307.00
2015年4月9日,"3,957.53","4,006.13","4,016.40","3,900.03",58.52B,-0.93%,182.00,308.00
2015年4月10日,"4,034.31","3,947.49","4,040.35","3,929.32",48.43B,1.94%,181.00,309.00
2015年4月13日,"4,121.71","4,072.72","4,128.07","4,057.29",58.98B,2.17%,180.00,310.00
2015年4月14日,"4,135.57","4,125.78","4,168.35","4,091.26",61.07B,0.34%,179.00,311.00
2015年4月15日,"4,084.16","4,135.65","4,175.49","4,069.01",61.30B,-1.24%,178.00,312.00
2015年4月16日,"4,194.82","4,055.92","4,195.31","4,031.24",55.12B,2.71%,177.00,313.00
2015年4月17日,"4,287.30","4,254.72","4,317.22","4,238.91",70.17B,2.20%,176.00,314.00
2015年4月20日,"4,217.08","4,301.35","4,356.00","4,190.68",85.71B,-1.64%,175.00,315.00
2015年4月21日,"4,293.62","4,212.19","4,294.37","4,188.57",63.45B,1.82%,174.00,316.00
2015年4月22日,"4,398.49","4,304.60","4,400.19","4,297.95",68.03B,2.44%,173.00,317.00
2015年4月23日,"4,414.51","4,414.48","4,444.41","4,358.84",66.73B,0.36%,172.00,318.00
2015年4月24日,"4,393.69","4,355.95","4,416.38","4,318.12",62.86B,-0.47%,171.00,319.00
2015年4月27日,"4,527.40","4,441.93","4,529.74","4,441.93",67.11B,3.04%,170.00,320.00
2015年4月28日,"4,476.21","4,527.64","4,572.39","4,432.90",76.77B,-1.13%,169.00,321.00
2015年4月29日,"4,476.62","4,446.12","4,499.94","4,398.64",51.98B,0.01%,168.00,322.00
2015年4月30日,"4,441.66","4,483.01","4,507.34","4,441.05",52.67B,-0.78%,167.00,323.00
2015年5月4日,"4,480.46","4,441.34","4,487.57","4,387.43",49.42B,0.87%,166.00,324.00
2015年5月5日,"4,298.71","4,479.85","4,488.87","4,282.24",57.29B,-4.06%,165.00,325.00
2015年5月6日,"4,229.27","4,311.64","4,376.35","4,187.37",48.17B,-1.62%,164.00,326.00
2015年5月7日,"4,112.21","4,197.90","4,213.76","4,108.01",39.46B,-2.77%,163.00,327.00
2015年5月8日,"4,205.92","4,152.98","4,206.86","4,099.04",39.74B,2.28%,162.00,328.00
2015年5月11日,"4,333.58","4,231.27","4,334.88","4,187.82",48.88B,3.04%,161.00,329.00
2015年5月12日,"4,401.22","4,342.37","4,402.31","4,317.98",52.19B,1.56%,160.00,330.00
2015年5月13日,"4,375.76","4,402.38","4,415.63","4,342.48",51.05B,-0.58%,159.00,331.00
2015年5月14日,"4,378.31","4,372.82","4,397.74","4,329.04",44.91B,0.06%,158.00,332.00
2015年5月15日,"4,308.69","4,366.82","4,366.82","4,278.55",43.97B,-1.59%,157.00,333.00
2015年5月18日,"4,283.49","4,277.89","4,324.83","4,260.51",38.01B,-0.58%,156.00,334.00
2015年5月19日,"4,417.55","4,285.78","4,418.40","4,285.78",43.67B,3.13%,155.00,335.00
2015年5月20日,"4,446.29","4,434.98","4,520.54","4,432.28",51.41B,0.65%,154.00,336.00
2015年5月21日,"4,529.42","4,456.43","4,530.48","4,438.26",46.50B,1.87%,153.00,337.00
2015年5月22日,"4,657.60","4,584.98","4,658.27","4,562.99",65.56B,2.83%,152.00,338.00
2015年5月25日,"4,813.80","4,660.07","4,814.67","4,656.82",68.25B,3.35%,151.00,339.00
2015年5月26日,"4,910.90","4,854.85","4,911.68","4,779.08",70.49B,2.02%,150.00,340.00
2015年5月27日,"4,941.71","4,932.85","4,958.16","4,857.06",68.12B,0.63%,149.00,341.00
2015年5月28日,"4,620.27","4,943.74","4,986.50","4,614.24",78.30B,-6.50%,148.00,342.00
2015年5月29日,"4,611.74","4,603.47","4,698.19","4,431.56",61.13B,-0.18%,147.00,343.00
2015年6月1日,"4,828.74","4,633.10","4,829.50","4,615.23",59.34B,4.71%,146.00,344.00
2015年6月2日,"4,910.53","4,844.70","4,911.57","4,797.55",62.37B,1.69%,145.00,345.00
2015年6月3日,"4,909.98","4,924.38","4,942.06","4,822.44",61.15B,-0.01%,144.00,346.00
2015年6月4日,"4,947.10","4,912.95","4,947.96","4,647.41",67.50B,0.76%,143.00,347.00
2015年6月5日,"5,023.10","5,016.09","5,051.63","4,898.07",77.22B,1.54%,142.00,348.00
2015年6月8日,"5,131.88","5,045.69","5,146.95","4,997.48",85.50B,2.17%,141.00,349.00
2015年6月9日,"5,113.53","5,145.98","5,147.45","5,042.96",72.99B,-0.36%,140.00,350.00
2015年6月10日,"5,106.04","5,049.20","5,164.16","5,001.49",59.70B,-0.15%,139.00,351.00
2015年6月11日,"5,121.59","5,101.44","5,122.46","5,050.76",56.40B,0.30%,138.00,352.00
2015年6月12日,"5,166.35","5,143.34","5,178.19","5,103.40",62.56B,0.87%,137.00,353.00
2015年6月15日,"5,062.99","5,174.42","5,176.79","5,048.74",63.78B,-2.00%,136.00,354.00
2015年6月16日,"4,887.43","5,004.41","5,029.68","4,842.10",55.08B,-3.47%,135.00,355.00
2015年6月17日,"4,967.90","4,890.55","4,983.66","4,767.22",53.71B,1.65%,134.00,356.00
2015年6月18日,"4,785.36","4,942.52","4,966.77","4,780.87",50.74B,-3.67%,133.00,357.00
2015年6月19日,"4,478.36","4,689.93","4,744.08","4,476.50",45.27B,-6.42%,132.00,358.00
2015年6月23日,"4,576.49","4,471.61","4,577.94","4,264.77",47.35B,2.19%,131.00,359.00
2015年6月24日,"4,690.15","4,604.58","4,691.77","4,552.13",54.30B,2.48%,130.00,360.00
2015年6月25日,"4,527.78","4,711.76","4,720.70","4,483.55",57.28B,-3.46%,129.00,361.00
2015年6月26日,"4,192.87","4,399.93","4,456.90","4,139.53",56.52B,-7.40%,128.00,362.00
2015年6月29日,"4,053.03","4,289.77","4,297.47","3,875.05",67.38B,-3.34%,127.00,363.00
2015年6月30日,"4,277.22","4,006.75","4,279.97","3,847.88",70.92B,5.53%,126.00,364.00
2015年7月1日,"4,053.70","4,214.15","4,317.05","4,043.37",59.88B,-5.23%,125.00,365.00
2015年7月2日,"3,912.77","4,058.62","4,080.39","3,795.25",58.60B,-3.48%,124.00,366.00
2015年7月3日,"3,686.92","3,793.71","3,927.13","3,629.56",54.82B,-5.77%,123.00,367.00
2015年7月6日,"3,775.91","3,975.21","3,975.21","3,653.04",83.11B,2.41%,122.00,368.00
2015年7月7日,"3,727.12","3,654.78","3,750.57","3,585.40",69.88B,-1.29%,121.00,369.00
2015年7月8日,"3,507.19","3,467.40","3,599.25","3,421.53",68.04B,-5.90%,120.00,370.00
2015年7月9日,"3,709.33","3,432.45","3,748.48","3,373.54",65.69B,5.76%,119.00,371.00
2015年7月10日,"3,877.80","3,707.46","3,959.22","3,677.43",58.64B,4.54%,118.00,372.00
2015年7月13日,"3,970.39","3,918.99","4,030.19","3,858.64",64.35B,2.39%,117.00,373.00
2015年7月14日,"3,924.49","3,958.37","4,035.43","3,855.56",67.06B,-1.16%,116.00,374.00
2015年7月15日,"3,805.70","3,874.97","3,914.27","3,741.25",60.13B,-3.03%,115.00,375.00
2015年7月16日,"3,823.18","3,758.50","3,877.51","3,688.44",49.23B,0.46%,114.00,376.00
2015年7月17日,"3,957.35","3,831.42","3,994.48","3,814.15",48.17B,3.51%,113.00,377.00
2015年7月20日,"3,992.11","3,948.42","4,021.33","3,927.12",53.91B,0.88%,112.00,378.00
2015年7月21日,"4,017.67","3,939.90","4,041.82","3,912.80",50.43B,0.64%,111.00,379.00
2015年7月22日,"4,026.05","3,996.43","4,042.34","3,960.86",52.07B,0.21%,110.00,380.00
2015年7月23日,"4,123.92","4,022.27","4,132.61","4,019.04",56.36B,2.43%,109.00,381.00
2015年7月24日,"4,070.91","4,124.75","4,184.45","4,044.83",62.74B,-1.29%,108.00,382.00
2015年7月27日,"3,725.56","3,985.57","4,051.16","3,720.44",55.60B,-8.48%,107.00,383.00
2015年7月28日,"3,663.00","3,573.14","3,762.53","3,537.36",56.33B,-1.68%,106.00,384.00
2015年7月29日,"3,789.17","3,689.82","3,792.07","3,612.06",43.44B,3.44%,105.00,385.00
2015年7月30日,"3,705.77","3,773.79","3,844.37","3,685.96",45.79B,-2.20%,104.00,386.00
2015年7月31日,"3,663.73","3,655.67","3,729.51","3,620.17",35.10B,-1.13%,103.00,387.00
2015年8月3日,"3,622.91","3,614.99","3,648.94","3,549.50",36.40B,-1.11%,102.00,388.00
2015年8月4日,"3,756.54","3,621.85","3,757.03","3,601.29",36.29B,3.69%,101.00,389.00
2015年8月5日,"3,694.57","3,745.65","3,782.35","3,676.39",36.64B,-1.65%,100.00,390.00
2015年8月6日,"3,661.54","3,625.50","3,710.57","3,614.74",27.41B,-0.89%,99.00,391.00
2015年8月7日,"3,744.20","3,692.61","3,756.74","3,686.30",34.08B,2.26%,98.00,392.00
2015年8月10日,"3,928.42","3,786.03","3,943.62","3,775.85",49.73B,4.92%,97.00,393.00
2015年8月11日,"3,927.91","3,928.81","3,970.34","3,891.18",53.89B,-0.01%,96.00,394.00
2015年8月12日,"3,886.32","3,881.23","3,937.77","3,871.14",44.27B,-1.06%,95.00,395.00
2015年8月13日,"3,954.56","3,869.91","3,955.79","3,838.16",43.01B,1.76%,94.00,396.00
2015年8月14日,"3,965.33","3,976.41","4,000.68","3,939.84",46.80B,0.27%,93.00,397.00
2015年8月17日,"3,993.67","3,947.84","3,994.54","3,907.40",46.04B,0.71%,92.00,398.00
2015年8月18日,"3,748.16","3,999.13","4,006.34","3,743.39",54.38B,-6.15%,91.00,399.00
2015年8月19日,"3,794.11","3,646.80","3,811.43","3,558.38",47.54B,1.23%,90.00,400.00
2015年8月20日,"3,664.29","3,754.57","3,788.01","3,663.61",39.01B,-3.42%,89.00,401.00
2015年8月21日,"3,507.74","3,609.96","3,652.84","3,490.54",36.99B,-4.27%,88.00,402.00
2015年8月24日,"3,209.91","3,373.48","3,388.36","3,191.88",33.47B,-8.49%,87.00,403.00
2015年8月25日,"2,964.97","3,004.13","3,123.03","2,947.94",35.23B,-7.63%,86.00,404.00
2015年8月26日,"2,927.29","2,980.79","3,092.04","2,850.71",46.67B,-1.27%,85.00,405.00
2015年8月27日,"3,083.59","2,978.03","3,085.42","2,906.49",40.03B,5.34%,84.00,406.00
2015年8月28日,"3,232.35","3,125.26","3,235.84","3,102.95",44.31B,4.82%,83.00,407.00
2015年8月31日,"3,205.99","3,203.56","3,207.86","3,109.16",39.74B,-0.82%,82.00,408.00
2015年9月1日,"3,166.62","3,157.83","3,180.33","3,053.74",43.24B,-1.23%,81.00,409.00
2015年9月2日,"3,160.17","3,027.68","3,194.48","3,019.09",43.82B,-0.20%,80.00,410.00
2015年9月7日,"3,080.42","3,149.38","3,217.58","3,066.30",29.65B,-2.52%,79.00,411.00
2015年9月8日,"3,170.45","3,054.44","3,174.71","3,011.12",25.54B,2.92%,78.00,412.00
2015年9月9日,"3,243.09","3,182.55","3,256.74","3,165.70",37.53B,2.29%,77.00,413.00
2015年9月10日,"3,197.89","3,190.55","3,243.28","3,178.90",27.33B,-1.39%,76.00,414.00
2015年9月11日,"3,200.23","3,189.48","3,223.76","3,163.45",22.46B,0.07%,75.00,415.00
2015年9月14日,"3,114.80","3,221.17","3,229.48","3,049.23",34.66B,-2.67%,74.00,416.00
2015年9月15日,"3,005.17","3,043.80","3,081.70","2,983.92",24.92B,-3.52%,73.00,417.00
2015年9月16日,"3,152.26","2,998.04","3,182.93","2,983.54",27.75B,4.89%,72.00,418.00
2015年9月17日,"3,086.06","3,131.98","3,204.70","3,085.31",31.76B,-2.10%,71.00,419.00
2015年9月18日,"3,097.92","3,100.28","3,122.05","3,070.34",20.92B,0.38%,70.00,420.00
2015年9月21日,"3,156.54","3,072.09","3,159.88","3,060.86",23.99B,1.89%,69.00,421.00
2015年9月22日,"3,185.62","3,161.32","3,213.48","3,152.48",27.48B,0.92%,68.00,422.00
2015年9月23日,"3,115.89","3,137.72","3,164.04","3,104.74",23.63B,-2.19%,67.00,423.00
2015年9月24日,"3,142.69","3,126.49","3,151.16","3,109.69",21.29B,0.86%,66.00,424.00
2015年9月25日,"3,092.35","3,130.85","3,149.95","3,063.00",23.63B,-1.60%,65.00,425.00
2015年9月28日,"3,100.76","3,085.57","3,103.07","3,042.31",15.67B,0.27%,64.00,426.00
2015年9月29日,"3,038.14","3,055.22","3,068.30","3,021.16",16.32B,-2.02%,63.00,427.00
2015年9月30日,"3,052.78","3,052.84","3,073.30","3,039.74",14.66B,0.48%,62.00,428.00
2015年10月8日,"3,143.36","3,156.07","3,172.28","3,133.13",23.43B,2.97%,61.00,429.00
2015年10月9日,"3,183.15","3,146.64","3,192.72","3,137.79",23.49B,1.27%,60.00,430.00
2015年10月12日,"3,287.66","3,193.54","3,318.71","3,188.41",38.63B,3.28%,59.00,431.00
2015年10月13日,"3,293.23","3,262.16","3,298.63","3,253.25",29.72B,0.17%,58.00,432.00
2015年10月14日,"3,262.44","3,280.02","3,307.32","3,256.25",29.51B,-0.93%,57.00,433.00
2015年10月15日,"3,338.07","3,255.03","3,338.30","3,254.39",31.63B,2.32%,56.00,434.00
2015年10月16日,"3,391.35","3,358.30","3,393.02","3,334.85",39.55B,1.60%,55.00,435.00
2015年10月19日,"3,386.70","3,401.63","3,423.40","3,355.57",37.81B,-0.14%,54.00,436.00
2015年10月20日,"3,425.33","3,377.55","3,425.52","3,357.86",31.90B,1.14%,53.00,437.00
2015年10月21日,"3,320.68","3,428.56","3,447.26","3,265.44",45.85B,-3.06%,52.00,438.00
2015年10月22日,"3,368.74","3,292.29","3,373.78","3,282.99",32.37B,1.45%,51.00,439.00
2015年10月23日,"3,412.43","3,377.55","3,422.02","3,360.22",34.74B,1.30%,50.00,440.00
2015年10月26日,"3,429.58","3,448.65","3,457.52","3,402.00",36.56B,0.50%,49.00,441.00
2015年10月27日,"3,434.34","3,409.14","3,441.57","3,332.62",32.82B,0.14%,48.00,442.00
2015年10月28日,"3,375.20","3,417.01","3,439.76","3,367.23",29.35B,-1.72%,47.00,443.00
2015年10月29日,"3,387.32","3,387.77","3,411.71","3,362.51",23.57B,0.36%,46.00,444.00
2015年10月30日,"3,382.56","3,380.28","3,417.20","3,346.59",24.36B,-0.14%,45.00,445.00
2015年11月2日,"3,325.08","3,337.58","3,391.06","3,322.31",23.10B,-1.70%,44.00,446.00
2015年11月3日,"3,316.70","3,330.32","3,346.27","3,302.18",19.29B,-0.25%,43.00,447.00
2015年11月4日,"3,459.64","3,325.62","3,459.65","3,325.62",33.91B,4.31%,42.00,448.00
2015年11月5日,"3,522.82","3,459.22","3,585.66","3,455.53",55.33B,1.83%,41.00,449.00
2015年11月6日,"3,590.03","3,514.44","3,596.38","3,508.83",42.92B,1.91%,40.00,450.00
2015年11月9日,"3,646.88","3,588.50","3,673.76","3,588.50",50.30B,1.58%,39.00,451.00
2015年11月10日,"3,640.49","3,617.40","3,669.53","3,607.89",42.97B,-0.18%,38.00,452.00
2015年11月11日,"3,650.25","3,635.00","3,654.88","3,605.62",36.10B,0.27%,37.00,453.00
2015年11月12日,"3,632.90","3,656.82","3,659.31","3,603.23",36.17B,-0.48%,36.00,454.00
2015年11月13日,"3,580.84","3,600.76","3,632.56","3,564.81",34.59B,-1.43%,35.00,455.00
2015年11月16日,"3,606.96","3,522.46","3,607.61","3,519.42",27.62B,0.73%,34.00,456.00
2015年11月17日,"3,604.80","3,629.98","3,678.27","3,598.07",38.36B,-0.06%,33.00,457.00
2015年11月18日,"3,568.47","3,605.06","3,617.07","3,558.70",29.76B,-1.01%,32.00,458.00
2015年11月19日,"3,617.06","3,573.78","3,618.21","3,561.04",24.79B,1.36%,31.00,459.00
2015年11月20日,"3,630.50","3,620.79","3,640.53","3,607.92",31.08B,0.37%,30.00,460.00
2015年11月23日,"3,610.31","3,630.87","3,654.75","3,598.87",31.60B,-0.56%,29.00,461.00
2015年11月24日,"3,616.11","3,602.89","3,616.48","3,563.10",24.88B,0.16%,28.00,462.00
2015年11月25日,"3,647.93","3,614.07","3,648.37","3,607.52",27.30B,0.88%,27.00,463.00
2015年11月26日,"3,635.55","3,659.57","3,668.38","3,629.86",30.68B,-0.34%,26.00,464.00
2015年11月27日,"3,436.30","3,616.54","3,621.90","3,412.43",35.43B,-5.48%,25.00,465.00
2015年11月30日,"3,445.40","3,433.86","3,470.37","3,327.81",30.42B,0.26%,24.00,466.00
2015年12月1日,"3,456.31","3,442.44","3,483.41","3,417.55",25.24B,0.32%,23.00,467.00
2015年12月2日,"3,536.91","3,450.28","3,538.85","3,427.66",30.15B,2.33%,22.00,468.00
2015年12月3日,"3,584.82","3,525.73","3,591.73","3,517.23",28.11B,1.35%,21.00,469.00
2015年12月4日,"3,524.99","3,558.15","3,568.97","3,510.41",25.17B,-1.67%,20.00,470.00
2015年12月7日,"3,536.93","3,529.81","3,543.95","3,506.62",20.83B,0.34%,19.00,471.00
2015年12月8日,"3,470.07","3,518.65","3,518.65","3,466.79",22.44B,-1.89%,18.00,472.00
2015年12月9日,"3,472.44","3,462.58","3,495.70","3,454.88",19.57B,0.07%,17.00,473.00
2015年12月10日,"3,455.50","3,469.81","3,503.65","3,446.27",20.04B,-0.49%,16.00,474.00
2015年12月11日,"3,434.58","3,441.60","3,455.55","3,410.92",18.29B,-0.61%,15.00,475.00
2015年12月14日,"3,520.67","3,403.51","3,521.78","3,399.28",21.54B,2.51%,14.00,476.00
2015年12月15日,"3,510.35","3,518.13","3,529.96","3,496.85",20.05B,-0.29%,13.00,477.00
2015年12月16日,"3,516.19","3,522.09","3,538.69","3,506.29",19.35B,0.17%,12.00,478.00
2015年12月17日,"3,580.00","3,533.63","3,583.41","3,533.63",28.39B,1.81%,11.00,479.00
2015年12月18日,"3,578.96","3,574.94","3,614.70","3,568.16",27.37B,-0.03%,10.00,480.00
2015年12月21日,"3,642.47","3,568.58","3,651.06","3,565.75",29.98B,1.77%,9.00,481.00
2015年12月22日,"3,651.77","3,645.99","3,652.63","3,616.87",26.12B,0.26%,8.00,482.00
2015年12月23日,"3,636.09","3,653.28","3,684.57","3,633.03",29.82B,-0.43%,7.00,483.00
2015年12月24日,"3,612.49","3,631.31","3,640.22","3,572.28",22.78B,-0.65%,6.00,484.00
2015年12月25日,"3,627.91","3,614.05","3,635.26","3,601.74",19.85B,0.43%,5.00,485.00
2015年12月28日,"3,533.78","3,635.77","3,641.59","3,533.78",27.00B,-2.59%,4.00,486.00
2015年12月29日,"3,563.74","3,528.40","3,564.17","3,515.52",18.26B,0.85%,3.00,487.00
2015年12月30日,"3,572.88","3,566.73","3,573.68","3,538.11",18.79B,0.26%,2.00,488.00
2015年12月31日,"3,539.18","3,570.47","3,580.60","3,538.35",17.70B,-0.94%,1.00,489.00